{"cameraMode":{"drawMode":0,"name":"Shaded","section":"Shading Mode"},"sceneLighting":true,"audioPlay":false,"sceneViewState":{"m_AlwaysRefresh":false,"showFog":true,"showSkybox":true,"showFlares":true,"showImageEffects":true,"showParticleSystems":true,"showVisualEffectGraphs":true,"m_FxEnabled":true},"in2DMode":false,"pivot":{"x":-3.1181697845458986,"y":0.05548977851867676,"z":8.06319522857666},"rotation":{"x":-0.21453739702701569,"y":0.47865456342697146,"z":-0.12186852842569351,"w":-0.8426231145858765},"size":15.076699256896973,"orthographic":false}