{"cameraMode":{"drawMode":0,"name":"Shaded","section":"Shading Mode"},"sceneLighting":true,"audioPlay":false,"sceneViewState":{"m_AlwaysRefresh":false,"showFog":true,"showSkybox":true,"showFlares":true,"showImageEffects":true,"showParticleSystems":true,"showVisualEffectGraphs":true,"m_FxEnabled":true},"in2DMode":false,"pivot":{"x":-4.7008867263793949,"y":-12.943216323852539,"z":0.756096363067627},"rotation":{"x":0.1622801274061203,"y":0.8196299076080322,"z":-0.47146791219711306,"w":0.28211790323257449},"size":14.026148796081543,"orthographic":false}