{"cameraMode":{"drawMode":0,"name":"Shaded","section":"Shading Mode"},"sceneLighting":true,"audioPlay":false,"sceneViewState":{"m_AlwaysRefresh":false,"showFog":true,"showSkybox":true,"showFlares":true,"showImageEffects":true,"showParticleSystems":true,"showVisualEffectGraphs":true,"m_FxEnabled":true},"in2DMode":false,"pivot":{"x":7.872922897338867,"y":1.0000801086425782,"z":-0.07453536987304688},"rotation":{"x":-0.14350104331970216,"y":0.4209199845790863,"z":-0.0676264613866806,"w":-0.8931357860565186},"size":12.172823905944825,"orthographic":false}