{"cameraMode":{"drawMode":0,"name":"Shaded","section":"Shading Mode"},"sceneLighting":true,"audioPlay":false,"sceneViewState":{"m_AlwaysRefresh":false,"showFog":true,"showSkybox":true,"showFlares":true,"showImageEffects":true,"showParticleSystems":true,"showVisualEffectGraphs":true,"m_FxEnabled":true},"in2DMode":false,"pivot":{"x":10.79870891571045,"y":26.80426597595215,"z":-6.549808502197266},"rotation":{"x":0.23004531860351563,"y":-0.07328175008296967,"z":0.017225079238414766,"w":0.970264196395874},"size":34.997962951660159,"orthographic":false}