{"cameraMode":{"drawMode":0,"name":"Shaded","section":"Shading Mode"},"sceneLighting":true,"audioPlay":false,"sceneViewState":{"m_AlwaysRefresh":false,"showFog":true,"showSkybox":true,"showFlares":true,"showImageEffects":true,"showParticleSystems":true,"showVisualEffectGraphs":true,"m_FxEnabled":true},"in2DMode":false,"pivot":{"x":3.7749853134155275,"y":-2.0580644607543947,"z":4.41691780090332},"rotation":{"x":0.2460118979215622,"y":0.45797306299209597,"z":-0.13369739055633546,"w":0.8437297344207764},"size":15.102124214172364,"orthographic":false}