{"cameraMode":{"drawMode":0,"name":"Shaded","section":"Shading Mode"},"sceneLighting":true,"audioPlay":false,"sceneViewState":{"m_AlwaysRefresh":false,"showFog":true,"showSkybox":true,"showFlares":true,"showImageEffects":true,"showParticleSystems":true,"showVisualEffectGraphs":true,"m_FxEnabled":true},"in2DMode":false,"pivot":{"x":750.5468139648438,"y":-12.717533111572266,"z":667.7960205078125},"rotation":{"x":-0.29907846450805666,"y":-0.36951372027397158,"z":0.12694306671619416,"w":-0.8705739974975586},"size":37.050132751464847,"orthographic":false}