{"cameraMode":{"drawMode":0,"name":"Shaded","section":"Shading Mode"},"sceneLighting":true,"audioPlay":false,"sceneViewState":{"m_AlwaysRefresh":false,"showFog":true,"showSkybox":true,"showFlares":true,"showImageEffects":true,"showParticleSystems":true,"showVisualEffectGraphs":true,"m_FxEnabled":true},"in2DMode":false,"pivot":{"x":0.32469940185546877,"y":9.886560440063477,"z":-4.479583740234375},"rotation":{"x":-0.007846935652196408,"y":0.9855631589889526,"z":-0.04764900729060173,"w":-0.16228584945201875},"size":36.88272476196289,"orthographic":false}