{"cameraMode":{"drawMode":0,"name":"Shaded","section":"Shading Mode"},"sceneLighting":true,"audioPlay":false,"sceneViewState":{"m_AlwaysRefresh":false,"showFog":true,"showSkybox":true,"showFlares":true,"showImageEffects":true,"showParticleSystems":true,"showVisualEffectGraphs":true,"m_FxEnabled":true},"in2DMode":false,"pivot":{"x":12.920048713684082,"y":-2.7277488708496095,"z":3.726531982421875},"rotation":{"x":-0.38041988015174868,"y":0.015811128541827203,"z":-0.006504214368760586,"w":-0.9246575236320496},"size":15.245383262634278,"orthographic":false}