{"cameraMode":{"drawMode":0,"name":"Shaded","section":"Shading Mode"},"sceneLighting":true,"audioPlay":false,"sceneViewState":{"m_AlwaysRefresh":false,"showFog":true,"showSkybox":true,"showFlares":true,"showImageEffects":true,"showParticleSystems":true,"showVisualEffectGraphs":true,"m_FxEnabled":true},"in2DMode":false,"pivot":{"x":565.7828369140625,"y":261.1062316894531,"z":-263.1540832519531},"rotation":{"x":-0.016803141683340074,"y":0.026091443374753,"z":-0.00043903905316255987,"w":-0.9995208978652954},"size":151.49095153808595,"orthographic":false}